Row #,Species,Count,Location,S/P,Date,LocID,SubID
1,Graylag Goose - Anser anser,3,St. James Park,GB-ENG,03 Jun 2013,L945563,S14376550
2,Canada Goose - Branta canadensis,,Collingwood Harbour,CA-ON,22 Apr 2011,L880143,S16483194
3,Mute Swan - Cygnus olor,,Collingwood Harbour,CA-ON,22 Apr 2011,L880143,S16483194
4,Trumpeter Swan - Cygnus buccinator,,Collingwood Harbour,CA-ON,22 Apr 2011,L880143,S16483194
5,Tundra Swan - Cygnus columbianus,1,Scarborough--Bluffers Park,CA-ON,18 Feb 2013,L450425,S13098235
6,Egyptian Goose - Alopochen aegyptiaca,2,St. James Park,GB-ENG,03 Jun 2013,L945563,S14376550
7,Common Shelduck - Tadorna tadorna,3,St. James Park,GB-ENG,03 Jun 2013,L945563,S14376550
8,Wood Duck - Aix sponsa,2,Toronto--High Park,CA-ON,30 Mar 2013,L2089949,S13577393
9,Gadwall - Anas strepera,2,Scarborough--Bluffers Park,CA-ON,18 Feb 2013,L450425,S13098235
10,American Wigeon - Anas americana,,Collingwood Harbour,CA-ON,22 Apr 2011,L880143,S16483194
11,American Black Duck - Anas rubripes,4,Toronto--Sunnyside Beach,CA-ON,13 Jan 2013,L1356513,S13388806
12,Mallard - Anas platyrhynchos,,Collingwood Harbour,CA-ON,22 Apr 2011,L880143,S16483194
13,Blue-winged Teal - Anas discors,3,Toronto--Colonel Samuel Smith Park,CA-ON,07 Apr 2013,L2044199,S13670276
14,Northern Shoveler - Anas clypeata,15,Hillman Marsh Conservation Area,CA-ON,20 Apr 2013,L2127185,S13823181
15,Green-winged Teal - Anas crecca,20,Hillman Marsh Conservation Area,CA-ON,20 Apr 2013,L2127185,S13823181
16,Red-crested Pochard - Netta rufina,2,St. James Park,GB-ENG,03 Jun 2013,L945563,S14376550
17,Redhead - Aythya americana,50,Toronto--Sunnyside Beach,CA-ON,10 Feb 2013,L1356513,S13388898
18,Common Pochard - Aythya ferina,4,St. James Park,GB-ENG,03 Jun 2013,L945563,S14376550
19,Ring-necked Duck - Aythya collaris,,Collingwood Harbour,CA-ON,22 Apr 2011,L880143,S16483194
20,Tufted Duck - Aythya fuligula,1,St. James Park,GB-ENG,03 Jun 2013,L945563,S14376550
21,Greater Scaup - Aythya marila,,Collingwood Harbour,CA-ON,22 Apr 2011,L880143,S16483194
22,Lesser Scaup - Aythya affinis,,Collingwood Harbour,CA-ON,22 Apr 2011,L880143,S16483194
23,Harlequin Duck - Histrionicus histrionicus,1,Toronto--Colonel Samuel Smith Park,CA-ON,09 Mar 2013,L2044199,S13342443
24,Surf Scoter - Melanitta perspicillata,6,"Half Moon Bay, 114 Broadway",US-CA,19 Mar 2013,L2086176,S13553651
25,White-winged Scoter - Melanitta fusca,,Collingwood Harbour,CA-ON,22 Apr 2011,L880143,S16483194
26,Long-tailed Duck - Clangula hyemalis,12,Toronto--Sunnyside Beach,CA-ON,13 Jan 2013,L1356513,S13388806
27,Bufflehead - Bucephala albeola,,Collingwood Harbour,CA-ON,22 Apr 2011,L880143,S16483194
28,Common Goldeneye - Bucephala clangula,,Collingwood Harbour,CA-ON,22 Apr 2011,L880143,S16483194
29,Hooded Merganser - Lophodytes cucullatus,1,Toronto--High Park,CA-ON,07 Apr 2013,L2089949,S13660961
30,Common Merganser - Mergus merganser,2,Ferry - Tsawwassen to Active Pass,CA-BC,11 May 2013,L306824,S14163110
31,Red-breasted Merganser - Mergus serrator,,Collingwood Harbour,CA-ON,22 Apr 2011,L880143,S16483194
32,Ruddy Duck - Oxyura jamaicensis,6,Hillman Marsh Conservation Area,CA-ON,20 Apr 2013,L2127185,S13823181
33,Black Guan - Chamaepetes unicolor,,"Puntarenas, Carretera a Reserva de Monteverde",CR-P,04 Feb 2014,L2610250,S16857689
34,Ruffed Grouse - Bonasa umbellus,1,Carden Alvar--Wylie Road,CA-ON,04 Aug 2013,L879392,S14889011
35,Wild Turkey - Meleagris gallopavo,,Collingwood Harbour,CA-ON,22 Apr 2011,L880143,S16483194
36,Common Loon - Gavia immer,,Carden Alvar--Wylie Road,CA-ON,26 Jun 2010,L879392,S18757984
37,Pied-billed Grebe - Podilymbus podiceps,2,"Leamington, 604-608 Bevel Line Road",CA-ON,20 Apr 2013,L2126285,S13817330
38,Horned Grebe - Podiceps auritus,,Collingwood Harbour,CA-ON,22 Apr 2011,L880143,S16483194
39,Red-necked Grebe - Podiceps grisegena,1,Toronto--Humber Bay Park (East),CA-ON,10 Mar 2013,L2054714,S13357899
40,Eared Grebe - Podiceps nigricollis,2,"Half Moon Bay, 114 Broadway",US-CA,19 Mar 2013,L2086176,S13553651
41,Western Grebe - Aechmophorus occidentalis,5,"Half Moon Bay, 114 Broadway",US-CA,19 Mar 2013,L2086176,S13553651
42,Wood Stork - Mycteria americana,1,Costa Rica Yoga Spa,CR-G,06 Feb 2014,L2604350,S16806999
43,Magnificent Frigatebird - Fregata magnificens,1,Lagarta Nature Reserve,CR-G,07 Feb 2014,L2662690,S17082569
44,Northern Gannet - Morus bassanus,1,NL--Witless Bay--Gull Island,CA-NL,26 Jul 2013,L299030,S14933540
45,Double-crested Cormorant - Phalacrocorax auritus,,Collingwood Harbour,CA-ON,22 Apr 2011,L880143,S16483194
46,Pelagic Cormorant - Phalacrocorax pelagicus,15,Ferry - Tsawwassen to Active Pass,CA-BC,11 May 2013,L306824,S14163110
47,Anhinga - Anhinga anhinga,1,Lagarta Nature Reserve,CR-G,07 Feb 2014,L2662690,S17082569
48,Brown Pelican - Pelecanus occidentalis,2,"Half Moon Bay, 114 Broadway",US-CA,19 Mar 2013,L2086176,S13553651
49,Great Blue Heron - Ardea herodias,,Carden Alvar--Wylie Road,CA-ON,26 Jun 2010,L879392,S18757984
50,Gray Heron - Ardea cinerea,1,St. James Park,GB-ENG,03 Jun 2013,L945563,S14376550
51,Great Egret - Ardea alba,1,Toronto--High Park,CA-ON,07 Apr 2013,L2089949,S13660961
52,Snowy Egret - Egretta thula,1,"Half Moon Bay, 114 Broadway",US-CA,19 Mar 2013,L2086176,S13553651
53,Little Blue Heron - Egretta caerulea,1,Lagarta Nature Reserve,CR-G,07 Feb 2014,L2662690,S17082569
54,Tricolored Heron - Egretta tricolor,1,Lagarta Nature Reserve,CR-G,07 Feb 2014,L2662690,S17082569
55,Cattle Egret - Bubulcus ibis,10,Costa Rica Yoga Spa,CR-G,06 Feb 2014,L2604350,S16806999
56,Green Heron - Butorides virescens,1,Claireville Conservation Area,CA-ON,08 Jun 2014,L1019528,S18728239
57,Black-crowned Night-Heron - Nycticorax nycticorax,1,South Beach--shoreline,US-CA,18 Apr 2013,L762572,S13792257
58,White-faced Ibis - Plegadis chihi,20,"Rigby, 4175 East Menan Lorenzo Highway",US-ID,30 Jun 2013,L2262280,S14568354
59,Black Vulture - Coragyps atratus,,"Puntarenas, Carretera a Reserva de Monteverde",CR-P,04 Feb 2014,L2610250,S16857689
60,Turkey Vulture - Cathartes aura,,Collingwood Harbour,CA-ON,22 Apr 2011,L880143,S16483194
61,Osprey - Pandion haliaetus,,Carden Alvar--Wylie Road,CA-ON,26 Jun 2010,L879392,S18757984
62,White-tailed Kite - Elanus leucurus,,"Stanford, Junipero Serra Freeway",US-CA,16 Apr 2013,L2119387,S13773861
63,Northern Harrier - Circus cyaneus,,Collingwood Harbour,CA-ON,22 Apr 2011,L880143,S16483194
64,Sharp-shinned Hawk - Accipiter striatus,1,Toronto--Cairns Ravine/Park,CA-ON,09 Nov 2014,L2396445,S20489028
65,Cooper's Hawk - Accipiter cooperii,1,Collingwood Harbour,CA-ON,10 Feb 2013,L880143,S13388889
66,Bald Eagle - Haliaeetus leucocephalus,1,Ferry - Tsawwassen to Active Pass,CA-BC,11 May 2013,L306824,S14163110
67,Common Black Hawk - Buteogallus anthracinus,1,Lagarta Nature Reserve,CR-G,07 Feb 2014,L2662690,S17082569
68,Red-tailed Hawk - Buteo jamaicensis,1,Scarborough--Bluffers Park,CA-ON,18 Feb 2013,L450425,S13098235
69,Eurasian Moorhen - Gallinula chloropus,8,St. James Park,GB-ENG,03 Jun 2013,L945563,S14376550
70,Eurasian Coot - Fulica atra,40,St. James Park,GB-ENG,03 Jun 2013,L945563,S14376550
71,American Coot - Fulica americana,4,Toronto--Sunnyside Beach,CA-ON,13 Jan 2013,L1356513,S13388806
72,Sandhill Crane - Grus canadensis,,Collingwood Harbour,CA-ON,22 Apr 2011,L880143,S16483194
73,Semipalmated Plover - Charadrius semipalmatus,1,Mississauga--Rattray Marsh,CA-ON,25 Aug 2013,L160823,S15019670
74,Killdeer - Charadrius vociferus,,Carden Alvar--Wylie Road,CA-ON,26 Jun 2010,L879392,S18757984
75,Spotted Sandpiper - Actitis macularius,1,Toronto--Colonel Samuel Smith Park,CA-ON,24 Aug 2014,L2044199,S19790312
76,Greater Yellowlegs - Tringa melanoleuca,3,Hillman Marsh Conservation Area,CA-ON,20 Apr 2013,L2127185,S13823181
77,Willet - Tringa semipalmata,1,"Half Moon Bay, 114 Broadway",US-CA,19 Mar 2013,L2086176,S13553651
78,Lesser Yellowlegs - Tringa flavipes,1,Lagarta Nature Reserve,CR-G,07 Feb 2014,L2662690,S17082569
79,Upland Sandpiper - Bartramia longicauda,,Carden Alvar--Wylie Road,CA-ON,26 Jun 2010,L879392,S18757984
80,Whimbrel - Numenius phaeopus,1,Lagarta Nature Reserve,CR-G,07 Feb 2014,L2662690,S17082569
81,Dunlin - Calidris alpina,20,Hillman Marsh Conservation Area,CA-ON,20 Apr 2013,L2127185,S13823181
82,Wilson's Snipe - Gallinago delicata,,Carden Alvar--Wylie Road,CA-ON,26 Jun 2010,L879392,S18757984
83,Common Murre - Uria aalge,500,NL--Witless Bay--Gull Island,CA-NL,26 Jul 2013,L299030,S14933540
84,Thick-billed Murre - Uria lomvia,1,NL--Witless Bay--Gull Island,CA-NL,26 Jul 2013,L299030,S14933540
85,Razorbill - Alca torda,20,NL--Witless Bay--Gull Island,CA-NL,26 Jul 2013,L299030,S14933540
86,Black Guillemot - Cepphus grylle,1,NL--Witless Bay--Gull Island,CA-NL,26 Jul 2013,L299030,S14933540
87,Pigeon Guillemot - Cepphus columba,2,Ferry - Tsawwassen to Active Pass,CA-BC,11 May 2013,L306824,S14163110
88,Rhinoceros Auklet - Cerorhinca monocerata,3,Ferry - Tsawwassen to Active Pass,CA-BC,11 May 2013,L306824,S14163110
89,Atlantic Puffin - Fratercula arctica,500,NL--Witless Bay--Gull Island,CA-NL,26 Jul 2013,L299030,S14933540
90,Black-legged Kittiwake - Rissa tridactyla,200,NL--Witless Bay--Gull Island,CA-NL,26 Jul 2013,L299030,S14933540
91,Bonaparte's Gull - Chroicocephalus philadelphia,3,Toronto--Colonel Samuel Smith Park,CA-ON,07 Apr 2013,L2044199,S13670276
92,Black-headed Gull - Chroicocephalus ridibundus,30,Jardin des Tuileries,FR-J,12 Jan 2014,L1552210,S16480401
93,Franklin's Gull - Leucophaeus pipixcan,3,"Rigby, 4175 East Menan Lorenzo Highway",US-ID,30 Jun 2013,L2262280,S14568354
94,Heermann's Gull - Larus heermanni,1,South Beach--shoreline,US-CA,18 Apr 2013,L762572,S13792257
95,Ring-billed Gull - Larus delawarensis,,Carden Alvar--Wylie Road,CA-ON,26 Jun 2010,L879392,S18757984
96,Western Gull - Larus occidentalis,40,"Half Moon Bay, 114 Broadway",US-CA,19 Mar 2013,L2086176,S13553651
97,Herring Gull - Larus argentatus,,Collingwood Harbour,CA-ON,22 Apr 2011,L880143,S16483194
98,Iceland Gull - Larus glaucoides,1,Scarborough--Bluffers Park,CA-ON,18 Feb 2013,L450425,S13098235
99,Glaucous-winged Gull - Larus glaucescens,20,Ferry - Tsawwassen to Active Pass,CA-BC,11 May 2013,L306824,S14163110
100,Glaucous Gull - Larus hyperboreus,1,Collingwood Harbour,CA-ON,10 Feb 2013,L880143,S13388889
101,Great Black-backed Gull - Larus marinus,20,NL--Witless Bay--Gull Island,CA-NL,26 Jul 2013,L299030,S14933540
102,Caspian Tern - Hydroprogne caspia,1,Point Pelee NP (general location),CA-ON,21 Apr 2013,L131153,S13854811
103,Common Tern - Sterna hirundo,1,NL--Witless Bay--Gull Island,CA-NL,26 Jul 2013,L299030,S14933540
104,Royal Tern - Thalasseus maximus,3,Lagarta Nature Reserve,CR-G,07 Feb 2014,L2662690,S17082569
105,Rock Pigeon - Columba livia,6,Ontario Science Centre/Seton Park,CA-ON,17 Feb 2013,L2059381,S13388838
106,Common Wood-Pigeon - Columba palumbus,6,St. James Park,GB-ENG,03 Jun 2013,L945563,S14376550
107,Red-billed Pigeon - Patagioenas flavirostris,,"Puntarenas, Carretera a Reserva de Monteverde",CR-P,04 Feb 2014,L2610250,S16857689
108,White-tipped Dove - Leptotila verreauxi,1,Lagarta Nature Reserve,CR-G,07 Feb 2014,L2662690,S17082569
109,White-winged Dove - Zenaida asiatica,1,"Playa Pelada, Calle Los Mangos",CR-G,07 Feb 2014,L2610355,S16861307
110,Mourning Dove - Zenaida macroura,,Carden Alvar--Wylie Road,CA-ON,26 Jun 2010,L879392,S18757984
111,Squirrel Cuckoo - Piaya cayana,1,Costa Rica Yoga Spa,CR-G,06 Feb 2014,L2604350,S16806999
112,Groove-billed Ani - Crotophaga sulcirostris,3,Costa Rica Yoga Spa,CR-G,07 Feb 2014,L2604350,S16861831
113,Snowy Owl - Bubo scandiacus,1,Toronto--Downsview Park,CA-ON,23 Dec 2013,L1437376,S16067214
114,Barred Owl - Strix varia,1,Toronto--Taylor Creek Park,CA-ON,18 May 2015,L1497179,S23531029
115,Long-eared Owl - Asio otus,1,Toronto--Colonel Samuel Smith Park,CA-ON,30 Dec 2013,L2044199,S16129369
116,Common Pauraque - Nyctidromus albicollis,2,Costa Rica Yoga Spa,CR-G,06 Feb 2014,L2604350,S16883203
117,Chimney Swift - Chaetura pelagica,6,Murphy's Law (Pub),CA-ON,06 May 2013,L2158892,S14026098
118,Common Swift - Apus apus,6,St. James Park,GB-ENG,03 Jun 2013,L945563,S14376550
119,Green Violetear - Colibri thalassinus,,"Puntarenas, Carretera a Reserva de Monteverde",CR-P,04 Feb 2014,L2610250,S16857689
120,Green-crowned Brilliant - Heliodoxa jacula,,"Puntarenas, Carretera a Reserva de Monteverde",CR-P,04 Feb 2014,L2610250,S16857689
121,Purple-throated Mountain-gem - Lampornis calolaemus,,"Puntarenas, Carretera a Reserva de Monteverde",CR-P,04 Feb 2014,L2610250,S16857689
122,Magenta-throated Woodstar - Calliphlox bryantae,,"Puntarenas, Carretera a Reserva de Monteverde",CR-P,04 Feb 2014,L2610250,S16857689
123,Ruby-throated Hummingbird - Archilochus colubris,3,Mississauga--Rattray Marsh,CA-ON,25 Aug 2013,L160823,S15019670
124,Anna's Hummingbird - Calypte anna,6,"Half Moon Bay, 114 Broadway",US-CA,19 Mar 2013,L2086176,S13553651
125,Violet Sabrewing - Campylopterus hemileucurus,,"Puntarenas, Carretera a Reserva de Monteverde",CR-P,04 Feb 2014,L2610250,S16857689
126,Stripe-tailed Hummingbird - Eupherusa eximia,,"Puntarenas, Carretera a Reserva de Monteverde",CR-P,04 Feb 2014,L2610250,S16857689
127,Coppery-headed Emerald - Elvira cupreiceps,,"Puntarenas, Carretera a Reserva de Monteverde",CR-P,04 Feb 2014,L2610250,S16857689
128,Steely-vented Hummingbird - Amazilia saucerrottei,,"Puntarenas, Carretera a Reserva de Monteverde",CR-P,04 Feb 2014,L2610250,S16857689
129,Resplendent Quetzal - Pharomachrus mocinno,6,"Puntarenas, Carretera a Reserva de Monteverde",CR-P,04 Feb 2014,L2610250,S16857689
130,Gartered Trogon - Trogon caligatus,2,Costa Rica Yoga Spa,CR-G,07 Feb 2014,L2604350,S16861831
131,Orange-bellied Trogon - Trogon aurantiiventris,3,"Puntarenas, Carretera a Reserva de Monteverde",CR-P,04 Feb 2014,L2610250,S16857689
132,Blue-crowned Motmot - Momotus coeruliceps,,"Puntarenas, Carretera a Reserva de Monteverde",CR-P,04 Feb 2014,L2610250,S16857689
133,Belted Kingfisher - Megaceryle alcyon,,Carden Alvar--Wylie Road,CA-ON,26 Jun 2010,L879392,S18757984
134,Amazon Kingfisher - Chloroceryle amazona,1,Arenal Dam,CR-A,08 Feb 2014,L2612343,S16876051
135,Prong-billed Barbet - Semnornis frantzii,,"Puntarenas, Carretera a Reserva de Monteverde",CR-P,04 Feb 2014,L2610250,S16857689
136,Emerald Toucanet - Aulacorhynchus prasinus,,"Puntarenas, Carretera a Reserva de Monteverde",CR-P,04 Feb 2014,L2610250,S16857689
137,Hoffmann's Woodpecker - Melanerpes hoffmannii,,"Puntarenas, Carretera a Reserva de Monteverde",CR-P,04 Feb 2014,L2610250,S16857689
138,Red-bellied Woodpecker - Melanerpes carolinus,1,Mississauga--Rattray Marsh,CA-ON,25 Aug 2013,L160823,S15019670
139,Yellow-bellied Sapsucker - Sphyrapicus varius,2,Point Pelee NP (general location),CA-ON,21 Apr 2013,L131153,S13854811
140,Downy Woodpecker - Picoides pubescens,1,Ontario Science Centre/Seton Park,CA-ON,17 Feb 2013,L2059381,S13388838
141,Hairy Woodpecker - Picoides villosus,1,Mississauga--Rattray Marsh,CA-ON,25 Aug 2013,L160823,S15019670
142,Northern Flicker - Colaptes auratus,,Carden Alvar--Wylie Road,CA-ON,26 Jun 2010,L879392,S18757984
143,Pileated Woodpecker - Dryocopus pileatus,1,"Cockeysville, 13401 Beaver Dam Road",US-MD,24 Mar 2013,L2086153,S13553532
144,Crested Caracara - Caracara cheriway,2,"Juan Santamaria International Airport (SJO), Arrivals",CR-A,05 Feb 2014,L2610304,S16858053
145,American Kestrel - Falco sparverius,,Collingwood Harbour,CA-ON,22 Apr 2011,L880143,S16483194
146,Orange-chinned Parakeet - Brotogeris jugularis,1,Lagarta Nature Reserve,CR-G,07 Feb 2014,L2662690,S17082569
147,Slaty Antwren - Myrmotherula schisticolor,,"Puntarenas, Carretera a Reserva de Monteverde",CR-P,04 Feb 2014,L2610250,S16857689
148,Tawny-throated Leaftosser - Sclerurus mexicanus,,"Puntarenas, Carretera a Reserva de Monteverde",CR-P,04 Feb 2014,L2610250,S16857689
149,Streak-headed Woodcreeper - Lepidocolaptes souleyetii,,"Puntarenas, Carretera a Reserva de Monteverde",CR-P,04 Feb 2014,L2610250,S16857689
150,Lineated Foliage-gleaner - Syndactyla subalaris,,"Puntarenas, Carretera a Reserva de Monteverde",CR-P,04 Feb 2014,L2610250,S16857689
151,Spotted Barbtail - Premnoplex brunnescens,,"Puntarenas, Carretera a Reserva de Monteverde",CR-P,04 Feb 2014,L2610250,S16857689
152,Mountain Elaenia - Elaenia frantzii,,"Puntarenas, Carretera a Reserva de Monteverde",CR-P,04 Feb 2014,L2610250,S16857689
153,Olive-striped Flycatcher - Mionectes olivaceus,,"Puntarenas, Carretera a Reserva de Monteverde",CR-P,04 Feb 2014,L2610250,S16857689
154,White-throated Spadebill - Platyrinchus mystaceus,,"Puntarenas, Carretera a Reserva de Monteverde",CR-P,04 Feb 2014,L2610250,S16857689
155,Tufted Flycatcher - Mitrephanes phaeocercus,,"Puntarenas, Carretera a Reserva de Monteverde",CR-P,04 Feb 2014,L2610250,S16857689
156,Least Flycatcher - Empidonax minimus,,Carden Alvar--Wylie Road,CA-ON,26 Jun 2010,L879392,S18757984
157,Yellowish Flycatcher - Empidonax flavescens,,"Puntarenas, Carretera a Reserva de Monteverde",CR-P,04 Feb 2014,L2610250,S16857689
158,Black Phoebe - Sayornis nigricans,1,"Half Moon Bay, 114 Broadway",US-CA,19 Mar 2013,L2086176,S13553651
159,Eastern Phoebe - Sayornis phoebe,1,Toronto--Colonel Samuel Smith Park,CA-ON,07 Apr 2013,L2044199,S13670276
160,Great Crested Flycatcher - Myiarchus crinitus,1,Toronto--Cairns Ravine/Park,CA-ON,11 May 2015,L2396445,S23382543
161,Great Kiskadee - Pitangus sulphuratus,2,Costa Rica Yoga Spa,CR-G,06 Feb 2014,L2604350,S16806999
162,Boat-billed Flycatcher - Megarynchus pitangua,,"Puntarenas, Carretera a Reserva de Monteverde",CR-P,04 Feb 2014,L2610250,S16857689
163,Social Flycatcher - Myiozetetes similis,,"Puntarenas, Carretera a Reserva de Monteverde",CR-P,04 Feb 2014,L2610250,S16857689
164,Tropical Kingbird - Tyrannus melancholicus,,"Puntarenas, Carretera a Reserva de Monteverde",CR-P,04 Feb 2014,L2610250,S16857689
165,Eastern Kingbird - Tyrannus tyrannus,,Carden Alvar--Wylie Road,CA-ON,26 Jun 2010,L879392,S18757984
166,Long-tailed Manakin - Chiroxiphia linearis,4,Costa Rica Yoga Spa,CR-G,06 Feb 2014,L2604350,S16806999
167,Masked Tityra - Tityra semifasciata,1,"Puntarenas, Carretera a Reserva de Monteverde",CR-P,04 Feb 2014,L2610250,S16857689
168,Rose-throated Becard - Pachyramphus aglaiae,1,Costa Rica Yoga Spa,CR-G,06 Feb 2014,L2604350,S16806999
169,Loggerhead Shrike - Lanius ludovicianus,1,Carden Alvar--Wylie Road,CA-ON,04 Aug 2013,L879392,S14889011
170,Northern Shrike - Lanius excubitor,1,Toronto--Downsview Park,CA-ON,23 Dec 2013,L1437376,S16067214
171,Blue-headed Vireo - Vireo solitarius,1,Point Pelee NP (general location),CA-ON,21 Apr 2013,L131153,S13854811
172,Warbling Vireo - Vireo gilvus,3,Toronto--Cairns Ravine/Park,CA-ON,09 May 2015,L2396445,S23325608
173,Philadelphia Vireo - Vireo philadelphicus,1,Toronto--Cairns Ravine/Park,CA-ON,14 May 2015,L2396445,S23435135
174,Red-eyed Vireo - Vireo olivaceus,1,Toronto--Cairns Ravine/Park,CA-ON,26 May 2014,L2396445,S18564707
175,Yellow-green Vireo - Vireo flavoviridis,1,"Puntarenas, Carretera a Reserva de Monteverde",CR-P,04 Feb 2014,L2610250,S16857689
176,White-throated Magpie-Jay - Calocitta formosa,2,The Gilded Iguana,CR-G,06 Feb 2014,L2662650,S17081956
177,Brown Jay - Psilorhinus morio,,"Puntarenas, Carretera a Reserva de Monteverde",CR-P,04 Feb 2014,L2610250,S16857689
178,Steller's Jay - Cyanocitta stelleri,2,"Point Reyes Station, Laguna Trail",US-CA,06 Jul 2014,L3257901,S21143420
179,Blue Jay - Cyanocitta cristata,1,Collingwood Harbour,CA-ON,10 Feb 2013,L880143,S13388889
180,Western Scrub-Jay - Aphelocoma californica,1,Fort Baker,US-CA,05 Jul 2014,L868122,S18997480
181,Eurasian Magpie - Pica pica,2,Voltastrasse,DE-BE,26 Jun 2014,L2943498,S18914268
182,Black-billed Magpie - Pica hudsonia,1,"Mona, Veterans Memorial Highway",US-UT,29 Jun 2013,L2254656,S14531277
183,American Crow - Corvus brachyrhynchos,,Carden Alvar--Wylie Road,CA-ON,26 Jun 2010,L879392,S18757984
184,Northwestern Crow - Corvus caurinus,6,Ferry - Tsawwassen to Active Pass,CA-BC,11 May 2013,L306824,S14163110
185,Hooded Crow - Corvus cornix,3,Voltastrasse,DE-BE,26 Jun 2014,L2943498,S18914268
186,Common Raven - Corvus corax,1,Collingwood Harbour,CA-ON,10 Feb 2013,L880143,S13388889
187,Horned Lark - Eremophila alpestris,2,"Rodney, 22824-23308 Talbot Line",CA-ON,20 Apr 2013,L2126111,S13816078
188,Blue-and-white Swallow - Pygochelidon cyanoleuca,,"Puntarenas, Carretera a Reserva de Monteverde",CR-P,04 Feb 2014,L2610250,S16857689
189,Northern Rough-winged Swallow - Stelgidopteryx serripennis,2,"Leamington, 604-608 Bevel Line Road",CA-ON,20 Apr 2013,L2126285,S13817330
190,Purple Martin - Progne subis,,Collingwood Harbour,CA-ON,22 Apr 2011,L880143,S16483194
191,Tree Swallow - Tachycineta bicolor,,Carden Alvar--Wylie Road,CA-ON,26 Jun 2010,L879392,S18757984
192,Barn Swallow - Hirundo rustica,,Carden Alvar--Wylie Road,CA-ON,26 Jun 2010,L879392,S18757984
193,Cliff Swallow - Petrochelidon pyrrhonota,6,Toronto--Toronto Islands (Royal Canadian Yacht Club),CA-ON,25 May 2013,L952651,S14376504
194,Carolina Chickadee - Poecile carolinensis,6,"Cockeysville, 13401 Beaver Dam Road",US-MD,24 Mar 2013,L2086153,S13553532
195,Black-capped Chickadee - Poecile atricapillus,,Collingwood Harbour,CA-ON,22 Apr 2011,L880143,S16483194
196,Chestnut-backed Chickadee - Poecile rufescens,3,"Half Moon Bay, 114 Broadway",US-CA,19 Mar 2013,L2086176,S13553651
197,Tufted Titmouse - Baeolophus bicolor,10,"Cockeysville, 13401 Beaver Dam Road",US-MD,24 Mar 2013,L2086153,S13553532
198,Red-breasted Nuthatch - Sitta canadensis,1,Ontario Science Centre/Seton Park,CA-ON,17 Feb 2013,L2059381,S13388838
199,White-breasted Nuthatch - Sitta carolinensis,2,Ontario Science Centre/Seton Park,CA-ON,17 Feb 2013,L2059381,S13388838
200,Brown Creeper - Certhia americana,2,Hillman Marsh Conservation Area,CA-ON,20 Apr 2013,L2127185,S13823181
201,House Wren - Troglodytes aedon,,Carden Alvar--Wylie Road,CA-ON,26 Jun 2010,L879392,S18757984
202,Pacific Wren - Troglodytes pacificus,1,"Point Reyes Station, Laguna Trail",US-CA,06 Jul 2014,L3257901,S21143420
203,Winter Wren - Troglodytes hiemalis,1,Toronto--Cairns Ravine/Park,CA-ON,26 Apr 2014,L2396445,S18084162
204,Sedge Wren - Cistothorus platensis,1,Carden Alvar--Wylie Road,CA-ON,04 Aug 2013,L879392,S14889011
205,Rufous-naped Wren - Campylorhynchus rufinucha,,"Puntarenas, Carretera a Reserva de Monteverde",CR-P,04 Feb 2014,L2610250,S16857689
206,Rufous-and-white Wren - Thryophilus rufalbus,,"Puntarenas, Carretera a Reserva de Monteverde",CR-P,04 Feb 2014,L2610250,S16857689
207,Gray-breasted Wood-Wren - Henicorhina leucophrys,,"Puntarenas, Carretera a Reserva de Monteverde",CR-P,04 Feb 2014,L2610250,S16857689
208,Blue-gray Gnatcatcher - Polioptila caerulea,1,Hillman Marsh Conservation Area,CA-ON,20 Apr 2013,L2127185,S13823181
209,Golden-crowned Kinglet - Regulus satrapa,2,Hillman Marsh Conservation Area,CA-ON,20 Apr 2013,L2127185,S13823181
210,Ruby-crowned Kinglet - Regulus calendula,,Collingwood Harbour,CA-ON,22 Apr 2011,L880143,S16483194
211,Eastern Bluebird - Sialia sialis,,Carden Alvar--Wylie Road,CA-ON,26 Jun 2010,L879392,S18757984
212,Black-faced Solitaire - Myadestes melanops,5,"Puntarenas, Carretera a Reserva de Monteverde",CR-P,04 Feb 2014,L2610250,S16857689
213,Slaty-backed Nightingale-Thrush - Catharus fuscater,,"Puntarenas, Carretera a Reserva de Monteverde",CR-P,04 Feb 2014,L2610250,S16857689
214,Swainson's Thrush - Catharus ustulatus,,"Puntarenas, Carretera a Reserva de Monteverde",CR-P,04 Feb 2014,L2610250,S16857689
215,Hermit Thrush - Catharus guttatus,1,"Half Moon Bay, 114 Broadway",US-CA,19 Mar 2013,L2086176,S13553651
216,Mountain Thrush - Turdus plebejus,,"Puntarenas, Carretera a Reserva de Monteverde",CR-P,04 Feb 2014,L2610250,S16857689
217,Clay-colored Thrush - Turdus grayi,,"Puntarenas, Carretera a Reserva de Monteverde",CR-P,04 Feb 2014,L2610250,S16857689
218,White-throated Thrush - Turdus assimilis,1,Monteverde--Selvatura Park,CR-G,03 Feb 2014,L2249172,S18566434
219,American Robin - Turdus migratorius,,Carden Alvar--Wylie Road,CA-ON,26 Jun 2010,L879392,S18757984
220,Gray Catbird - Dumetella carolinensis,,Carden Alvar--Wylie Road,CA-ON,26 Jun 2010,L879392,S18757984
221,Brown Thrasher - Toxostoma rufum,,Carden Alvar--Wylie Road,CA-ON,26 Jun 2010,L879392,S18757984
222,Northern Mockingbird - Mimus polyglottos,2,Toronto--Humber Bay Park (East),CA-ON,10 Mar 2013,L2054714,S13357899
223,European Starling - Sturnus vulgaris,,Carden Alvar--Wylie Road,CA-ON,26 Jun 2010,L879392,S18757984
224,Olive-backed Sunbird - Cinnyris jugularis,6,V Hotel Lavender,SG-,18 Nov 2012,L2578481,S16483087
225,Cedar Waxwing - Bombycilla cedrorum,,Carden Alvar--Wylie Road,CA-ON,26 Jun 2010,L879392,S18757984
226,Ovenbird - Seiurus aurocapilla,1,Mississauga--Rattray Marsh,CA-ON,25 Aug 2013,L160823,S15019670
227,Worm-eating Warbler - Helmitheros vermivorum,1,Point Pelee NP (general location),CA-ON,21 Apr 2013,L131153,S13854811
228,Black-and-white Warbler - Mniotilta varia,1,"Puntarenas, Carretera a Reserva de Monteverde",CR-P,04 Feb 2014,L2610250,S16857689
229,Tennessee Warbler - Oreothlypis peregrina,,"Puntarenas, Carretera a Reserva de Monteverde",CR-P,04 Feb 2014,L2610250,S16857689
230,Nashville Warbler - Oreothlypis ruficapilla,1,Toronto--Cairns Ravine/Park,CA-ON,09 May 2014,L2396445,S18298387
231,Gray-crowned Yellowthroat - Geothlypis poliocephala,1,Costa Rica Yoga Spa,CR-G,06 Feb 2014,L2604350,S16806999
232,Common Yellowthroat - Geothlypis trichas,,Carden Alvar--Wylie Road,CA-ON,26 Jun 2010,L879392,S18757984
233,American Redstart - Setophaga ruticilla,6,Mississauga--Rattray Marsh,CA-ON,25 Aug 2013,L160823,S15019670
234,Cape May Warbler - Setophaga tigrina,1,Toronto--Cairns Ravine/Park,CA-ON,10 May 2014,L2396445,S18313996
235,Northern Parula - Setophaga americana,1,Toronto--Cairns Ravine/Park,CA-ON,19 May 2014,L2396445,S18474510
236,Magnolia Warbler - Setophaga magnolia,3,Mississauga--Rattray Marsh,CA-ON,25 Aug 2013,L160823,S15019670
237,Bay-breasted Warbler - Setophaga castanea,1,Toronto--Cairns Ravine/Park,CA-ON,19 May 2014,L2396445,S18474510
238,Blackburnian Warbler - Setophaga fusca,1,Toronto--Cairns Ravine/Park,CA-ON,07 May 2014,L2396445,S18265724
239,Yellow Warbler - Setophaga petechia,,Carden Alvar--Wylie Road,CA-ON,26 Jun 2010,L879392,S18757984
240,Chestnut-sided Warbler - Setophaga pensylvanica,2,Mississauga--Rattray Marsh,CA-ON,25 Aug 2013,L160823,S15019670
241,Black-throated Blue Warbler - Setophaga caerulescens,1,Toronto--Cairns Ravine/Park,CA-ON,17 May 2014,L2396445,S18435703
242,Palm Warbler - Setophaga palmarum,1,Hillman Marsh Conservation Area,CA-ON,20 Apr 2013,L2127185,S13823181
243,Yellow-rumped Warbler - Setophaga coronata,,Collingwood Harbour,CA-ON,22 Apr 2011,L880143,S16483194
244,Black-throated Green Warbler - Setophaga virens,1,Toronto--Cairns Ravine/Park,CA-ON,09 May 2014,L2396445,S18302782
245,Rufous-capped Warbler - Basileuterus rufifrons,1,Costa Rica Yoga Spa,CR-G,06 Feb 2014,L2604350,S16806999
246,Three-striped Warbler - Basileuterus tristriatus,,"Puntarenas, Carretera a Reserva de Monteverde",CR-P,04 Feb 2014,L2610250,S16857689
247,Wilson's Warbler - Cardellina pusilla,1,Vancouver--Tower Beach,CA-BC,12 May 2013,L344556,S14399645
248,Slate-throated Redstart - Myioborus miniatus,,"Puntarenas, Carretera a Reserva de Monteverde",CR-P,04 Feb 2014,L2610250,S16857689
249,Passerini's Tanager - Ramphocelus passerinii,1,Tabacon Resort,CR-A,08 Feb 2014,L444570,S17082977
250,Blue-gray Tanager - Thraupis episcopus,1,"Puntarenas, Carretera a Reserva de Monteverde",CR-P,04 Feb 2014,L2610250,S16857689
251,Palm Tanager - Thraupis palmarum,,"Puntarenas, Carretera a Reserva de Monteverde",CR-P,04 Feb 2014,L2610250,S16857689
252,Spangle-cheeked Tanager - Tangara dowii,,"Puntarenas, Carretera a Reserva de Monteverde",CR-P,04 Feb 2014,L2610250,S16857689
253,Silver-throated Tanager - Tangara icterocephala,2,"Puntarenas, Carretera a Reserva de Monteverde",CR-P,04 Feb 2014,L2610250,S16857689
254,Red-legged Honeycreeper - Cyanerpes cyaneus,5,"Puntarenas, Carretera a Reserva de Monteverde",CR-P,04 Feb 2014,L2610250,S16857689
255,Bananaquit - Coereba flaveola,,"Puntarenas, Carretera a Reserva de Monteverde",CR-P,04 Feb 2014,L2610250,S16857689
256,Buff-throated Saltator - Saltator maximus,,"Puntarenas, Carretera a Reserva de Monteverde",CR-P,04 Feb 2014,L2610250,S16857689
257,Chestnut-capped Brush-Finch - Arremon brunneinucha,,"Puntarenas, Carretera a Reserva de Monteverde",CR-P,04 Feb 2014,L2610250,S16857689
258,Eastern Towhee - Pipilo erythrophthalmus,1,Point Pelee NP (general location),CA-ON,21 Apr 2013,L131153,S13854811
259,White-eared Ground-Sparrow - Melozone leucotis,,"Puntarenas, Carretera a Reserva de Monteverde",CR-P,04 Feb 2014,L2610250,S16857689
260,Stripe-headed Sparrow - Peucaea ruficauda,2,Costa Rica Yoga Spa,CR-G,06 Feb 2014,L2604350,S16806999
261,American Tree Sparrow - Spizella arborea,6,Scarborough--Bluffers Park,CA-ON,18 Feb 2013,L450425,S13098235
262,Chipping Sparrow - Spizella passerina,,Carden Alvar--Wylie Road,CA-ON,26 Jun 2010,L879392,S18757984
263,Savannah Sparrow - Passerculus sandwichensis,,Carden Alvar--Wylie Road,CA-ON,26 Jun 2010,L879392,S18757984
264,Grasshopper Sparrow - Ammodramus savannarum,,Carden Alvar--Wylie Road,CA-ON,26 Jun 2010,L879392,S18757984
265,Fox Sparrow - Passerella iliaca,3,"Cockeysville, 13401 Beaver Dam Road",US-MD,24 Mar 2013,L2086153,S13553532
266,Song Sparrow - Melospiza melodia,,Carden Alvar--Wylie Road,CA-ON,26 Jun 2010,L879392,S18757984
267,Rufous-collared Sparrow - Zonotrichia capensis,2,"Puntarenas, Carretera a Reserva de Monteverde",CR-P,04 Feb 2014,L2610250,S16857689
268,White-throated Sparrow - Zonotrichia albicollis,1,Point Pelee NP (general location),CA-ON,21 Apr 2013,L131153,S13854811
269,White-crowned Sparrow - Zonotrichia leucophrys,2,Toronto--Cairns Ravine/Park,CA-ON,07 May 2014,L2396445,S18265724
270,Golden-crowned Sparrow - Zonotrichia atricapilla,3,"Half Moon Bay, 114 Broadway",US-CA,19 Mar 2013,L2086176,S13553651
271,Dark-eyed Junco - Junco hyemalis,4,Ontario Science Centre/Seton Park,CA-ON,17 Feb 2013,L2059381,S13388838
272,Common Chlorospingus - Chlorospingus flavopectus,2,"Puntarenas, Carretera a Reserva de Monteverde",CR-P,04 Feb 2014,L2610250,S16857689
273,Hepatic Tanager - Piranga flava,,"Puntarenas, Carretera a Reserva de Monteverde",CR-P,04 Feb 2014,L2610250,S16857689
274,Scarlet Tanager - Piranga olivacea,1,Toronto--Cairns Ravine/Park,CA-ON,09 May 2015,L2396445,S23325608
275,Northern Cardinal - Cardinalis cardinalis,,Carden Alvar--Wylie Road,CA-ON,26 Jun 2010,L879392,S18757984
276,Rose-breasted Grosbeak - Pheucticus ludovicianus,1,Toronto--Cairns Ravine/Park,CA-ON,09 May 2014,L2396445,S18298387
277,Bobolink - Dolichonyx oryzivorus,,Carden Alvar--Wylie Road,CA-ON,26 Jun 2010,L879392,S18757984
278,Red-winged Blackbird - Agelaius phoeniceus,,Carden Alvar--Wylie Road,CA-ON,26 Jun 2010,L879392,S18757984
279,Eastern Meadowlark - Sturnella magna,,Carden Alvar--Wylie Road,CA-ON,26 Jun 2010,L879392,S18757984
280,Brewer's Blackbird - Euphagus cyanocephalus,20,"Half Moon Bay, 114 Broadway",US-CA,19 Mar 2013,L2086176,S13553651
281,Common Grackle - Quiscalus quiscula,,Carden Alvar--Wylie Road,CA-ON,26 Jun 2010,L879392,S18757984
282,Great-tailed Grackle - Quiscalus mexicanus,,"Puntarenas, Carretera a Reserva de Monteverde",CR-P,04 Feb 2014,L2610250,S16857689
283,Nicaraguan Grackle - Quiscalus nicaraguensis,3,Costa Rica Yoga Spa,CR-G,06 Feb 2014,L2604350,S16806999
284,Brown-headed Cowbird - Molothrus ater,,Carden Alvar--Wylie Road,CA-ON,26 Jun 2010,L879392,S18757984
285,Streak-backed Oriole - Icterus pustulatus,1,Lagarta Nature Reserve,CR-G,07 Feb 2014,L2662690,S17082569
286,Baltimore Oriole - Icterus galbula,1,Toronto--Toronto Islands (Royal Canadian Yacht Club),CA-ON,25 May 2013,L952651,S14376504
287,Montezuma Oropendola - Psarocolius montezuma,2,"Alfaro Ruiz, 141",CR-A,09 Feb 2014,L2610311,S16858088
288,Yellow-throated Euphonia - Euphonia hirundinacea,6,"Puntarenas, Carretera a Reserva de Monteverde",CR-P,04 Feb 2014,L2610250,S16857689
289,Golden-browed Chlorophonia - Chlorophonia callophrys,,"Puntarenas, Carretera a Reserva de Monteverde",CR-P,04 Feb 2014,L2610250,S16857689
290,House Finch - Haemorhous mexicanus,4,"Rodney, 22824-23308 Talbot Line",CA-ON,20 Apr 2013,L2126111,S13816078
291,Purple Finch - Haemorhous purpureus,1,Carden Alvar--Wylie Road,CA-ON,04 Aug 2013,L879392,S14889011
292,Pine Siskin - Spinus pinus,8,Vancouver--Tower Beach,CA-BC,12 May 2013,L344556,S14399645
293,Lesser Goldfinch - Spinus psaltria,,"Old Mountain View, 500 Castro Street",US-CA,16 Apr 2013,L2118405,S13768141
294,American Goldfinch - Spinus tristis,,Carden Alvar--Wylie Road,CA-ON,26 Jun 2010,L879392,S18757984
295,Evening Grosbeak - Coccothraustes vespertinus,5,"High Park-Swansea, Spring Road",CA-ON,22 Dec 2014,L3231803,S20987071
296,House Sparrow - Passer domesticus,5,Toronto--Humber Bay Park (East),CA-ON,10 Mar 2013,L2054714,S13357899
